,names,main_category,keywords,ratings
0,대포항,랜드마크,즐길거리 & 랜드마크,4.423076923076923
1,타워갤러리,랜드마크,아트갤러리,4.6
2,방짜유기박물관,랜드마크,전문 박물관,4.25
3,남산 케이블카,랜드마크,전차,4.358516483516484
4,화순적벽 관광지,랜드마크,자연 & 야생동물 서식지,5.0
5,수성아쿠아수영장,랜드마크,스포츠 컴플렉스,4.6
6,완도타워,랜드마크,전망대 & 타워,4.6875
7,동제미술관,랜드마크,아트뮤지엄,4.4
8,통영옻칠미술관,랜드마크,아트뮤지엄,4.916666666666667
9,평화의 소녀상,랜드마크,기념비 및 동상,4.916666666666667
10,경인 아라뱃길,랜드마크,물길,4.5
11,하나개해수욕장,랜드마크,해변,4.666666666666667
12,도림사,랜드마크,신성한 & 종교적인 장소,5.0
13,갑사,랜드마크,신성한 & 종교적인 장소,4.617647058823529
14,성주 한개마을,랜드마크,"역사적인 장소, 인근 지역, 즐길거리 & 랜드마크",5.0
15,도당공원,랜드마크,공원,4.5
16,클레이아크 김해 미술관,랜드마크,아트뮤지엄,4.596153846153846
17,혼인지,랜드마크,유서 깊은 산책로,3.8333333333333335
18,고산층,랜드마크,지층,4.5
19,솔찬공원,랜드마크,"즐길거리 & 랜드마크, 부두 & 보드워크, 경관이 좋은 산책로",4.5
20,봉산문화회관,랜드마크,"아트갤러리, 극장",4.681818181818182
21,봉곡사,랜드마크,신성한 & 종교적인 장소,4.666666666666667
22,정선아리랑제,랜드마크,문화 이벤트,4.681818181818182
23,보령 충청수영성,랜드마크,"역사적인 장소, 성, 경관이 좋은 산책로",5.0
24,식장산,랜드마크,산,4.55
25,용연동굴,랜드마크,동굴,4.590909090909091
26,류미재 갤러리 하우스,랜드마크,아트갤러리,5.0
27,계명아트센터,랜드마크,극장,4.333333333333333
28,달아공원,자연 / 공원,자연 & 야생동물 서식지,4.5
29,호평성당,자연 / 공원,교회 & 성당,5.0
30,롯데 프리미엄 아울렛 - 기흥점,자연 / 공원,팩토리 아울렛,4.5
31,호명호수,자연 / 공원,물길,4.5
32,Cheongju Art Hall,자연 / 공원,아트갤러리,4.5
33,배론성지,자연 / 공원,"역사적인 장소, 즐길거리 & 랜드마크, 교회 & 성당",4.875
34,운보의 집,자연 / 공원,"즐길거리 & 랜드마크, 아트뮤지엄",5.0
35,계양산,자연 / 공원,산,4.467741935483871
36,산지등대,자연 / 공원,등대,4.5
37,대전아쿠아리움,자연 / 공원,"동물원, 수족관",4.125
38,땅끝 전망대,자연 / 공원,관측소 & 천체투영관,4.321428571428571
39,안면암,자연 / 공원,"신성한 & 종교적인 장소, 경관이 좋은 산책로",4.285714285714286
40,Sara Oreum Lake,자연 / 공원,물길,5.0
41,아라리오뮤지엄 탑동바이크샵,자연 / 공원,아트갤러리,4.5
42,신숭겸장군유적지,자연 / 공원,"역사적인 장소, 기념비 및 동상",4.5
43,김녕사굴,자연 / 공원,동굴,4.0
44,전쟁과 여성 인권 박물관,자연 / 공원,역사박물관,4.85
45,충북교육박물관,자연 / 공원,"전문 박물관, 역사박물관",5.0
46,홍대난타전용극장,자연 / 공원,극장,4.764705882352941
47,평화의 소녀상,자연 / 공원,기념비 및 동상,5.0
48,홍법사,자연 / 공원,신성한 & 종교적인 장소,4.6875
49,죽성드림성당,자연 / 공원,"즐길거리 & 랜드마크, 건축물",4.625
50,5.18 Archives,자연 / 공원,역사박물관,5.0
51,평화의 소녀상,자연 / 공원,기념비 및 동상,5.0
52,정지용 생가,자연 / 공원,역사적인 장소,4.333333333333333
53,칠성시장,자연 / 공원,벼룩시장 & 재래시장,3.8333333333333335
54,순천 왜성,자연 / 공원,성,4.461538461538462
55,청와대 사랑채,박물관,역사박물관,4.5064935064935066
56,서피랑 공원,박물관,"인근 지역, 즐길거리 & 랜드마크",4.6875
57,시지MBC문화센터,박물관,즐길거리 & 랜드마크,4.5
58,귀족호도박물관,박물관,전문 박물관,4.833333333333333
59,인천광역시립박물관,박물관,역사박물관,4.5
60,디큐브시브,박물관,백화점,4.535714285714286
61,소창체험관,박물관,"전문 박물관, 즐길거리 & 랜드마크",4.75
62,울산 박물관,박물관,전문 박물관,4.592105263157895
63,강천산 군립공원,박물관,공원,4.653846153846154
64,오색 탄산온천,박물관,온천 & 간헐천,4.578947368421052
65,포항함 체험관,박물관,즐길거리 & 랜드마크,4.525
66,선유도 공원,박물관,공원,4.638888888888889
67,Pabdol Museum,박물관,전문 박물관,5.0
68,청와대,박물관,공공기관 건물,4.453271028037383
69,개평한옥마을,박물관,즐길거리 & 랜드마크,5.0
70,헌화로,박물관,"부두 & 보드워크, 절경 드라이브 코스, 경관이 좋은 산책로",4.75
71,소나기 마을,박물관,"산림, 교육적인 장소",4.666666666666667
72,인천나비공원,박물관,자연 & 야생동물 서식지,4.46
73,대구어린이회관 꾀꼬리극장,박물관,극장,4.5
74,주교좌 남천성당,박물관,"신성한 & 종교적인 장소, 교회 & 성당",4.571428571428571
75,정동극장,박물관,극장,4.768115942028985
76,도동서원,박물관,역사적인 장소,4.1
77,원주 기후변화홍보관,박물관,"전문 박물관, 즐길거리 & 랜드마크, 놀이터",4.7
78,하니랜드,박물관,공원,4.166666666666667
79,주문진 등대,박물관,등대,5.0
80,낙화암,박물관,역사적인 장소,4.5394736842105265
81,부평역사박물관,박물관,역사박물관,4.6
82,제주 오리엔탈호텔 카지노,박물관,카지노,3.75
83,모충사,랜드마크,기념비 및 동상,4.5
84,주문진,랜드마크,벼룩시장 & 재래시장,4.25
85,백사장항,랜드마크,경관이 좋은 산책로,4.5
86,이대 패션거리,랜드마크,즐길거리 & 랜드마크,4.523722627737226
87,원불교역사박물관,랜드마크,전문 박물관,4.666666666666667
88,탑동광장,랜드마크,"부두 & 보드워크, 전망대 & 타워",4.0
89,휴휴암,랜드마크,즐길거리 & 랜드마크,4.625
90,샘터유원지,랜드마크,테마 파크,4.5
91,와온해변,랜드마크,해변,4.625
92,영금정,랜드마크,즐길거리 & 랜드마크,4.60655737704918
93,창원NC파크,랜드마크,아레나 & 경기장,4.85
94,평화의소녀상,랜드마크,"즐길거리 & 랜드마크, 기념비 및 동상",5.0
95,국립 등대 박물관,랜드마크,전문 박물관,4.636363636363637
96,황우지,랜드마크,지층,4.666666666666667
97,고소동 벽화마을,랜드마크,"인근 지역, 즐길거리 & 랜드마크",4.4375
98,DTC 섬유박물관,랜드마크,전문 박물관,4.4
99,김대중 노벨평화상 기념관,랜드마크,역사박물관,4.75
100,수승대관광지,랜드마크,"즐길거리 & 랜드마크, 공원",4.666666666666667
101,대전예술의전당,랜드마크,극장,4.75
102,구곡폭포,랜드마크,"물길, 폭포",4.5
103,이화원,랜드마크,"전문 박물관, 자연 & 야생동물 서식지",4.25
104,소돌아들바위공원,랜드마크,"물길, 즐길거리 & 랜드마크",4.5
105,행담도휴게소,랜드마크,즐길거리 & 랜드마크,4.5
106,견월악 목마장,랜드마크,목장,5.0
107,커피박물관 기획부,랜드마크,전문 박물관,5.0
108,돈암서원,랜드마크,기념비 및 동상,5.0
109,유.스퀘어 문화관,랜드마크,"즐길거리 & 랜드마크, 도심, 쇼핑몰",4.791666666666667
110,함주공원,랜드마크,공원,5.0
111,상주경천대,랜드마크,즐길거리 & 랜드마크,4.4
112,부산관광안내소,랜드마크,관광센터,4.444444444444445
113,신도,랜드마크,섬,4.576923076923077
114,염매시장,랜드마크,벼룩시장 & 재래시장,4.357142857142857
115,숭례문,랜드마크,"역사적인 장소, 즐길거리 & 랜드마크",4.468277945619335
116,대구향교,랜드마크,"역사적인 장소, 즐길거리 & 랜드마크",4.5
117,현대백화점 압구정본점,랜드마크,백화점,4.607142857142857
118,낙동강문화관,랜드마크,"과학박물관, 어린이 박물관",4.75
119,남한산성 역사관,랜드마크,역사박물관,4.625
120,원당종마목장,랜드마크,목장,4.671428571428572
121,재미난박물관,랜드마크,전문 박물관,4.666666666666667
122,동아대학교 박물관,랜드마크,전문 박물관,4.458333333333333
123,행복한밤마을,랜드마크,인근 지역,5.0
124,반포대교,랜드마크,브리지,4.350943396226415
125,세명 대학교,랜드마크,즐길거리 & 랜드마크,4.5
126,롯데백화점 - 광복점,랜드마크,백화점,4.6875
127,행궁동 벽화마을,랜드마크,"인근 지역, 즐길거리 & 랜드마크, 경관이 좋은 산책로",4.3625
128,속초 엑스포 타워,랜드마크,"즐길거리 & 랜드마크, 전망대 & 타워",4.366666666666666
129,예천곤충연구소 곤충생태원,랜드마크,전문 박물관,4.833333333333333
130,신북리조트,랜드마크,워터파크,4.5
131,예울마루,랜드마크,극장,4.833333333333333
132,코엑스,랜드마크,"즐길거리 & 랜드마크, 도심",4.648936170212766
133,마비정 벽화마을,랜드마크,"즐길거리 & 랜드마크, 경관이 좋은 산책로",4.5
134,봉화산,랜드마크,산,4.833333333333333
135,강릉단오문화관,랜드마크,즐길거리 & 랜드마크,4.5
136,대흥동 문화예술의거리,랜드마크,"인근 지역, 즐길거리 & 랜드마크",4.5
137,한국학 중앙연구원 장서각,랜드마크,도서관,4.0
138,진포해양테마공원,랜드마크,"군사 박물관, 경관이 좋은 산책로",4.283333333333333
139,마사박물관,박물관,전문 박물관,4.5
140,인천 글로벌 캠퍼스,박물관,대학 & 학교,5.0
141,Jeongdongjin Sculpture Park,박물관,공원,4.25
142,5·18 기념공원,박물관,"공원, 기념비 및 동상",4.693548387096774
143,천보산,박물관,산,5.0
144,뮤지엄김치간,박물관,전문 박물관,4.373333333333333
145,추리문학관,박물관,도서관,4.625
146,새연교,박물관,"즐길거리 & 랜드마크, 브리지",4.503164556962025
147,안터생태공원,박물관,공원,4.5
148,두타,박물관,백화점,4.2745098039215685
149,청계사,박물관,신성한 & 종교적인 장소,4.785714285714286
150,신미술관,박물관,아트뮤지엄,5.0
151,철도 박물관,박물관,전문 박물관,4.413043478260869
152,황지연못,박물관,물길,4.470588235294118
153,궁남지,박물관,"역사적인 장소, 물길, 공원",4.769230769230769
154,광주 시립 미술관,박물관,전문 박물관,4.517857142857143
155,정방사,박물관,신성한 & 종교적인 장소,4.785714285714286
156,주필 거미 박물관,박물관,전문 박물관,4.166666666666667
157,Boryeong City Hall,박물관,도심,4.5
158,중앙탑사적공원,박물관,"즐길거리 & 랜드마크, 공원",4.833333333333333
159,다솔사,박물관,신성한 & 종교적인 장소,4.642857142857143
160,의성마늘박물관,박물관,전문 박물관,4.666666666666667
161,거북선 모형 체험장,박물관,역사박물관,4.5
162,에이피엠 플레이스,박물관,쇼핑몰,4.526315789473684
163,Daegu Literature Museum,박물관,"전문 박물관, 아트뮤지엄, 역사박물관",4.75
164,천주교 초량성당,박물관,교회 & 성당,4.2
165,고려대학교,랜드마크,즐길거리 & 랜드마크,4.657407407407407
166,갤러리 율,랜드마크,아트갤러리,4.0
167,대관령박물관,랜드마크,전문 박물관,4.4
168,도도불가마스포츠센터,랜드마크,스포츠 컴플렉스,4.5
169,보적사,랜드마크,신성한 & 종교적인 장소,4.5
170,중미산 휴양림,랜드마크,산림,4.7
171,국순당주향로,랜드마크,맥주 양조장,5.0
172,서동 공원,랜드마크,"역사적인 장소, 공원",4.75
173,평화의 소녀상,랜드마크,기념비 및 동상,5.0
174,제주항공우주박물관,랜드마크,"전문 박물관, 과학박물관, 어린이 박물관",4.6484375
175,해양드라마세트장,랜드마크,즐길거리 & 랜드마크,4.48
176,도림사,랜드마크,"신성한 & 종교적인 장소, 경관이 좋은 산책로",5.0
177,실학 박물관,랜드마크,역사박물관,4.35
178,부산대교,랜드마크,"건축물, 브리지",4.235294117647059
179,팔당전망대,랜드마크,즐길거리 & 랜드마크,4.5
180,산방굴사,랜드마크,신성한 & 종교적인 장소,4.5602409638554215
181,코리아 플라워 파크,랜드마크,"공원, 가든",4.0
182,국립해양생물자원관,랜드마크,과학박물관,4.6
183,비슬산국립공원,랜드마크,"산, 국립공원, 하이킹 트레일",5.0
184,황매산 군립공원,랜드마크,공원,4.666666666666667
185,산청한의학박물관,랜드마크,전문 박물관,5.0
186,부산 해양자연사 박물관,랜드마크,자연사 박물관,4.45
187,북악산 서울 성곽,랜드마크,즐길거리 & 랜드마크,4.7025316455696204
188,평화의 소녀상,랜드마크,기념비 및 동상,5.0
189,국립수산과학원,랜드마크,과학박물관,4.45
190,주실마을,랜드마크,"인근 지역, 즐길거리 & 랜드마크",4.25
191,구암갤러리,랜드마크,아트갤러리,4.666666666666667
192,정남진 편백숲우드랜드,랜드마크,"즐길거리 & 랜드마크, 하이킹 트레일, 경관이 좋은 산책로",4.75
193,단양강 잔도,자연 / 공원,"물길, 즐길거리 & 랜드마크, 경관이 좋은 산책로",4.7
194,롯데월드 스타 애비뉴,자연 / 공원,테마 파크,4.225806451612903
195,인천국제공항 하늘정원,자연 / 공원,가든,4.5
196,동대문 밀리오레,자연 / 공원,백화점,4.295857988165681
197,천안종합운동장,자연 / 공원,스포츠 컴플렉스,4.685185185185185
198,삼락생태공원,자연 / 공원,"즐길거리 & 랜드마크, 공원",4.5
199,렛츠런팜 장수목장,자연 / 공원,목장,5.0
200,여수세계박람회장,자연 / 공원,컨퍼런스 & 컨벤션 센터,4.5
201,목포해상케이블카,자연 / 공원,전차,4.333333333333333
202,어라연계곡(동강),자연 / 공원,계곡,4.875
203,둔산선사유적지,자연 / 공원,고대 유적,4.294117647058823
204,문의문화재단지,자연 / 공원,경관이 좋은 산책로,4.4
205,도원유원지,자연 / 공원,테마 파크,4.5
206,약천사,자연 / 공원,신성한 & 종교적인 장소,4.794117647058823
207,부평아트센터,자연 / 공원,아트갤러리,4.625
208,철원 평화전망대,자연 / 공원,관측소 & 천체투영관,4.5
209,태평염색식물원,자연 / 공원,자연 & 야생동물 서식지,4.5
210,한탄강 관광지,자연 / 공원,"물길, 공원",4.75
211,주남저수지,자연 / 공원,자연 & 야생동물 서식지,4.538461538461538
212,태평염전,자연 / 공원,즐길거리 & 랜드마크,4.75
213,강원경찰박물관,자연 / 공원,역사박물관,4.2
214,의병박물관,자연 / 공원,역사박물관,5.0
215,직지문화공원,자연 / 공원,공원,4.75
216,장곡사,자연 / 공원,신성한 & 종교적인 장소,4.833333333333333
217,천주교 내당성당,자연 / 공원,즐길거리 & 랜드마크,4.25
218,하멜전시관,자연 / 공원,역사박물관,4.4
219,무령왕릉 전시관,자연 / 공원,"전문 박물관, 역사박물관",4.65
220,롯데 영플라자 명동점,자연 / 공원,백화점,4.4
221,캐나다전투기념비,랜드마크,기념비 및 동상,4.666666666666667
222,대구삼성창조캠퍼스,랜드마크,도심,4.75
223,광주 시립 민속 박물관,랜드마크,역사박물관,4.607142857142857
224,도솔암,랜드마크,신성한 & 종교적인 장소,5.0
225,연무대 (동장대),랜드마크,역사적인 장소,4.6375
226,부산종합관광안내소,랜드마크,관광센터,4.333333333333333
227,일루미아,랜드마크,"즐길거리 & 랜드마크, 공원",4.833333333333333
228,평화의 소녀상,랜드마크,기념비 및 동상,5.0
229,화폐박물관,랜드마크,전문 박물관,4.706896551724138
230,넓은들 학원농장,랜드마크,"즐길거리 & 랜드마크, 농장, 경관이 좋은 산책로",4.6
231,군산근대건축관,랜드마크,"건축물, 역사박물관",4.482758620689655
232,한화기념관,랜드마크,전문 박물관,4.666666666666667
233,수원시립아이파크미술관,랜드마크,아트뮤지엄,4.647058823529412
234,롯데백화점대전점,랜드마크,쇼핑몰,4.5
235,금강굴,랜드마크,동굴,4.833333333333333
236,태백 석탄박물관,랜드마크,전문 박물관,4.708333333333333
237,경희대학교 혜정박물관,랜드마크,"전문 박물관, 어린이 박물관, 역사박물관",4.6875
238,디뮤지엄,랜드마크,아트뮤지엄,4.602941176470588
239,용산 가족 공원,랜드마크,공원,4.704545454545454
240,석탄역사체험관,랜드마크,역사박물관,4.75
241,두루뫼박물관,랜드마크,전문 박물관,4.75
242,평화의소녀상,랜드마크,"즐길거리 & 랜드마크, 기념비 및 동상",5.0
243,오월리산림휴양림,랜드마크,산림,4.5
244,화서문,랜드마크,역사적인 장소,4.5964912280701755
245,비선대,랜드마크,하이킹 트레일,4.597222222222222
246,용화산자연휴양림,랜드마크,자연 & 야생동물 서식지,4.5
247,길상사,랜드마크,신성한 & 종교적인 장소,4.815789473684211
248,반딧불박물관,랜드마크,전문 박물관,4.5
249,진부전통시장,쇼핑,즐길거리 & 랜드마크 벼룩시장 & 재래시장,5.0
250,커피커퍼,박물관,전문 박물관,4.53
251,제주추사관,박물관,역사박물관,4.5
252,영산포 등대,랜드마크,등대,5.0
253,청량사,랜드마크,신성한 & 종교적인 장소,5.0
254,루이엘 모자박물관,박물관,전문 박물관,5.0
255,해운대 영화의거리,랜드마크,즐길거리 & 랜드마크,4.54
256,홍천생명건강과학관,박물관,과학박물관,4.5
257,오죽헌시립박물관,박물관,전문 박물관,4.48
258,비둘기낭폭포,자연 / 공원,폭포,4.39
259,부평시장,쇼핑,벼룩시장 & 재래시장,4.7
260,인터렉티브 아트뮤지엄,박물관,아트뮤지엄,4.75
261,First Garden,즐길거리 / 게임,가든 놀이터,4.67
262,두꺼비생태문화관,자연 / 공원,자연 & 야생동물 서식지,4.75
263,동대문 쇼핑몰,쇼핑,쇼핑몰,4.43
264,산림박물관,박물관,자연사 박물관,4.33
265,부여 정림사지,랜드마크,역사적인 장소 신성한 & 종교적인 장소,4.58
266,Kim Man Duk Memorial Museum,박물관,전문 박물관 어린이 박물관 역사박물관,4.67
267,전혁림 미술관,박물관,아트갤러리 아트뮤지엄,4.8
268,태종대유원지,자연 / 공원,공원,4.58
269,광복동 먹자골목,쇼핑,벼룩시장 & 재래시장,4.45
270,세종대왕 동상,랜드마크,기념비 및 동상,4.51
271,방태산 자연휴양림,자연 / 공원,산림,4.86
272,아라리오뮤지엄 인 스페이스,박물관,아트뮤지엄,4.74
273,민락수변공원,자연 / 공원,공원,4.56
274,캐니빌리지,박물관,전문 박물관 어린이 박물관,4.5
275,임시수도기념관,박물관,역사박물관,4.77
276,감귤체험농장 귤향기,랜드마크,농장,5.0
277,영종씨사이드 레일바이크,자연 / 공원,바이크 트레일,4.67
278,백양사,랜드마크,신성한 & 종교적인 장소,4.67
279,파라다이스 카지노 부산,카지노 / 도박장,카지노,4.07
280,세계꽃 식물원,자연 / 공원,가든,4.5
281,성남시립식물원,자연 / 공원,가든,4.33
282,효석문화마을,랜드마크,즐길거리 & 랜드마크,4.46
283,양모리학교,자연 / 공원,자연 & 야생동물 서식지 농장,4.44
284,여수 진남관,랜드마크,역사적인 장소,4.4
285,박경리 문학공원,박물관,전문 박물관,4.74
286,평창 효석문화제,이벤트,문화 이벤트,5.0
287,한국근대사박물관,박물관,전문 박물관 역사박물관,4.5
288,진천 종박물관,박물관,전문 박물관,4.65
289,아부 오름,자연 / 공원,화산,4.75
290,나바위 성당,랜드마크,역사적인 장소 신성한 & 종교적인 장소 교회 & 성당,5.0
291,평화의소녀상,랜드마크,즐길거리 & 랜드마크 기념비 및 동상,5.0
292,화조원,동물원 & 수족관,동물원,4.0
293,제 4 땅굴,랜드마크,역사적인 장소,4.65
294,구리한강시민공원,자연 / 공원,공원,4.5
295,예술의전당,박물관,아트뮤지엄,4.7
296,국립나주박물관,박물관,역사박물관,4.0
297,노량진 수산물 도매시장,쇼핑,벼룩시장 & 재래시장,4.43
298,본태박물관,박물관,전문 박물관 아트뮤지엄,4.7
299,고려궁지,랜드마크,역사적인 장소 즐길거리 & 랜드마크,4.39
300,전포카페거리,기타,인근 지역,4.56
301,삼일공원,자연 / 공원,공원,4.62
302,한과 문화박물관 한가원,박물관,전문 박물관,4.75
303,경포호,자연 / 공원,물길 경관이 좋은 산책로,4.83
304,태안사,랜드마크,신성한 & 종교적인 장소,4.8
305,육림랜드,워터파크 & 놀이공원,테마 파크 워터파크,4.83
306,테디베어뮤지엄 설악,박물관,전문 박물관,4.28
307,수로왕비릉,랜드마크,역사적인 장소 묘지,4.57
308,백제문화단지,박물관,역사적인 장소 역사박물관,4.65
309,안성 남사당공연장,콘서트 & 쇼,극장,4.5
310,죽도봉공원,자연 / 공원,공원,4.62
311,소요산,자연 / 공원,산 하이킹 트레일 산림,5.0
312,흥부골 자연휴양림,자연 / 공원,산림,4.75
313,보수동 책방골목,박물관,역사박물관,4.3
314,수봉공원,자연 / 공원,공원,4.35
315,필리핀군 참전 기념비,랜드마크,기념비 및 동상,4.56
316,오두산성,랜드마크,역사적인 장소,4.17
317,국청사,랜드마크,신성한 & 종교적인 장소,5.0
318,원주 강원감영,랜드마크,역사적인 장소 건축물,4.3
319,천동 동굴,자연 / 공원,동굴,4.58
320,타임앤블레이드 박물관,박물관,전문 박물관,3.5
321,국립 서울 현충원,랜드마크,묘지,4.66
322,쥬디스 태화,쇼핑,쇼핑몰,4.31
323,통영수산과학관,박물관,과학박물관,4.42
324,서울 광장,랜드마크,즐길거리 & 랜드마크,4.43
325,국립대구과학관,박물관,과학박물관 어린이 박물관,5.0
326,화방사,랜드마크,신성한 & 종교적인 장소,4.5
327,충익사,랜드마크,신성한 & 종교적인 장소,5.0
328,부산 아시아드 주 경기장,랜드마크,아레나 & 경기장,4.4
329,뮤지엄 다,박물관,전문 박물관 아트뮤지엄,4.62
330,영취산,자연 / 공원,산 자연 & 야생동물 서식지 하이킹 트레일,4.5
331,뚝섬 한강공원 수영장,자연 / 공원,공원,4.6
332,안동민속박물관,박물관,전문 박물관,4.48
333,행남해안산책로,랜드마크,경관이 좋은 산책로,4.77
334,대청댐물문화관,박물관,전문 박물관,4.6
335,세븐럭카지노 강북힐튼점,카지노 / 도박장,카지노,4.08
336,안계성당,랜드마크,즐길거리 & 랜드마크,4.5
337,무열왕릉,랜드마크,역사적인 장소,4.54
338,백제 불교 최초 도래지,랜드마크,역사적인 장소,4.17
339,Gangneung Museum of Art,박물관,아트뮤지엄,4.5
340,남원향교,랜드마크,역사적인 장소 즐길거리 & 랜드마크,4.5
341,유관순열사기념관,랜드마크,역사적인 장소,5.0
342,교동제비집,여행자 자료,관광센터 즐길거리 & 랜드마크,4.5
343,평화의 소녀상,랜드마크,기념비 및 동상,5.0
344,금강철새조망대,랜드마크,전망대 & 타워,4.79
345,서도역,랜드마크,즐길거리 & 랜드마크,4.67
346,화명수목원,자연 / 공원,가든,4.75
347,청간정,랜드마크,역사적인 장소 건축물,4.5
348,백련사,랜드마크,신성한 & 종교적인 장소,5.0
349,지니어스 로사이,랜드마크,즐길거리 & 랜드마크,4.76
350,롯데몰 - 수지점,쇼핑,쇼핑몰,4.5
351,코코몽 에코 파크,워터파크 & 놀이공원,테마 파크,4.67
352,안동 군자마을,기타,인근 지역,4.64
353,봉선사,랜드마크,신성한 & 종교적인 장소,4.33
354,평화의 소녀상,랜드마크,기념비 및 동상,5.0
355,사천 바다 케이블카,교통편,전차,5.0
356,진해 드림 파크,자연 / 공원,공원,4.65
357,청풍호 관광 모노레일,투어,,4.5
358,운현궁,랜드마크,역사적인 장소 즐길거리 & 랜드마크,4.51
359,응봉산,자연 / 공원,산,4.76
360,능내역 - 폐역,랜드마크,즐길거리 & 랜드마크,4.5
361,공룡체험전시관,박물관,전문 박물관,4.0
362,김영갑 갤러리 두모악,박물관,아트뮤지엄,4.78
363,온천천 시민공원,즐길거리 / 게임,물길 바이크 트레일 공원  더 보기,4.6
364,해운정사,랜드마크,즐길거리 & 랜드마크 신성한 & 종교적인 장소,4.75
365,금남로공원,자연 / 공원,공원,4.25
366,상록수공원,자연 / 공원,공원,4.0
367,연곡해변,자연 / 공원,해변,4.5
368,메세나폴리스몰,쇼핑,쇼핑몰,4.43
369,하늘물빛정원,자연 / 공원,물길 가든,4.79
370,꽃시계,자연 / 공원,공원 가든,4.6
371,동촌유원지,자연 / 공원,물길 즐길거리 & 랜드마크 공원,5.0
372,김대중컨벤션센터,여행자 자료,컨퍼런스 & 컨벤션 센터,4.58
373,위양지,자연 / 공원,물길,5.0
374,관방제림,랜드마크,경관이 좋은 산책로,4.53
375,마량포구,랜드마크,경관이 좋은 산책로,4.38
376,라페스타,쇼핑,쇼핑몰,4.28
377,따라비 오름,자연 / 공원,산,4.88
378,안산자락길,야외 활동,조깅로 & 트랙,4.85
379,충주커피박물관,박물관,전문 박물관,4.5
380,계명산자연휴양림,자연 / 공원,산림,4.5
381,한양도성박물관,박물관,역사박물관,4.63
382,연세대학교 글로벌캠퍼스,랜드마크,대학 & 학교,4.25
383,인천 개항 박물관,박물관,역사박물관,5.0
384,이중섭 거리,랜드마크,즐길거리 & 랜드마크,4.25
385,명동지하상가,쇼핑,쇼핑몰,4.29
386,평화의 소녀상,랜드마크,기념비 및 동상,4.8
387,신매시장,쇼핑,벼룩시장 & 재래시장,4.5
388,영랑생가,랜드마크,역사적인 장소 즐길거리 & 랜드마크 교육적인 장소,4.75
389,국립부산국악원,콘서트 & 쇼,극장,4.75
390,대불공원,자연 / 공원,유서 깊은 산책로 공원,4.5
391,음성 큰바위얼굴 조각공원,자연 / 공원,공원,4.12
392,금성산성,랜드마크,역사적인 장소,5.0
393,열쇠전망대,랜드마크,전망대 & 타워,5.0
394,남동아시아드럭비경기장,랜드마크,아레나 & 경기장,4.5
395,새마을운동발상지 기념관,박물관,역사박물관,4.5
396,한국 근대 문학관,박물관,전문 박물관,4.75
397,광주남구문화예술회관,박물관,아트갤러리,4.0
398,동아백화점 쇼핑점,쇼핑,백화점,4.5
399,비진도 해수욕장,자연 / 공원,해변,4.67
400,소호 동동다리,랜드마크,브리지,4.5
401,국기원,박물관,전문 박물관 스포츠 컴플렉스,4.71
402,문화역서울 284,박물관,전문 박물관 역사적인 장소,4.44
403,개태사,랜드마크,역사적인 장소 신성한 & 종교적인 장소,4.5
404,아산그린타워,랜드마크,전망대 & 타워,4.25
405,평화의 소녀상,랜드마크,기념비 및 동상,5.0
406,고운바다길분수,랜드마크,분수대,4.25
407,북구 빙상센타,즐길거리 / 게임,스포츠 컴플렉스,4.8
408,KBS 온,랜드마크,즐길거리 & 랜드마크,4.43
409,중문 마린파크 퍼시픽랜드,워터파크 & 놀이공원,테마 파크,4.52
410,신안갯벌센터 슬로시티센터,박물관,과학박물관,4.0
411,갑곶돈대,랜드마크,역사적인 장소 전쟁터 유적지,4.67
412,안중근의사 기념관,박물관,역사박물관,4.46
413,신성리 갈대밭,자연 / 공원,자연 & 야생동물 서식지 경관이 좋은 산책로,4.5
414,철암 탄광역사촌,기타,인근 지역 건축물 유령 마을,4.58
415,평화의소녀상,랜드마크,즐길거리 & 랜드마크 기념비 및 동상,5.0
416,충무공동상,랜드마크,즐길거리 & 랜드마크 기념비 및 동상 경관이 좋은 산책로,4.5
417,초지진,랜드마크,역사적인 장소 즐길거리 & 랜드마크,4.44
418,의상대,랜드마크,역사적인 장소 건축물,4.52
419,세빛섬,자연 / 공원,즐길거리 & 랜드마크 섬,4.48
420,양산타워,랜드마크,즐길거리 & 랜드마크 전망대 & 타워,4.57
421,소인국 테마 파크,워터파크 & 놀이공원,테마 파크,4.28
422,엑스포탁구장,즐길거리 / 게임,스포츠 컴플렉스,3.58
423,경의선숲길,자연 / 공원,공원,4.62
424,청도읍성,랜드마크,역사적인 장소 즐길거리 & 랜드마크,4.33
425,강릉아이스아레나,즐길거리 / 게임,스포츠 컴플렉스,4.5
426,대항전망대,랜드마크,전망대 & 타워,5.0
427,향호,자연 / 공원,물길,4.0
428,금정산,자연 / 공원,산 하이킹 트레일,4.67
429,중구생활사전시관,박물관,역사박물관,5.0
430,망양정,랜드마크,역사적인 장소 건축물,4.5
431,오키드타운식물원,자연 / 공원,가든,3.83
432,한밭교육박물관,박물관,전문 박물관,4.41
433,동굴 신비관,자연 / 공원,동굴,4.12
434,미즈사키 린타로 묘역,랜드마크,즐길거리 & 랜드마크 기념비 및 동상,4.17
435,좌동재래시장,쇼핑,벼룩시장 & 재래시장,4.5
436,신림봉,랜드마크,전망대,4.5
437,아모레퍼시픽미술관,박물관,전문 박물관 아트뮤지엄,4.75
438,피규어뮤지엄제주,박물관,전문 박물관,4.72
439,대구콘서트하우스,콘서트 & 쇼,극장,4.5
440,포항 스틸야드,랜드마크,아레나 & 경기장,4.58
441,맥도생태공원,자연 / 공원,공원,4.5
442,용연사,랜드마크,신성한 & 종교적인 장소,4.25
443,백인제가옥,랜드마크,역사적인 장소 즐길거리 & 랜드마크,4.84
444,문장대,자연 / 공원,하이킹 트레일,4.75
445,절두산 순교 성지,박물관,역사적인 장소 역사박물관,4.55
446,영랑호,자연 / 공원,물길,4.55
447,양재 시민 공원,자연 / 공원,공원,4.75
448,통고산자연휴양림,자연 / 공원,자연 & 야생동물 서식지 산림,4.75
449,고창 고인돌 박물관,박물관,역사박물관,4.57
450,독산성,랜드마크,역사적인 장소,4.5
451,라뜰리에,박물관,아트뮤지엄,4.64
452,별난 물건 박물관,박물관,전문 박물관,4.67
453,인천서구문화회관,랜드마크,즐길거리 & 랜드마크,4.0
454,화도진공원,자연 / 공원,공원,4.4
455,인천개항장 근대건축전시관,박물관,전문 박물관 역사박물관,5.0
456,평화의 소녀상,랜드마크,기념비 및 동상,5.0
457,밤원녹색농촌체험마을,기타,인근 지역,5.0
458,소선암 자연휴양림,자연 / 공원,산림,4.88
459,고삼호수,자연 / 공원,물길,4.88
460,춘향테마파크,워터파크 & 놀이공원,테마 파크,4.25
461,산음자연휴양림,자연 / 공원,산림,4.83
462,신안군 송도수산물유통센터,쇼핑,벼룩시장 & 재래시장,4.0
463,봉래산,자연 / 공원,산,4.58
464,풍암 저수지,자연 / 공원,물길,4.72
465,동대문성곽공원,자연 / 공원,즐길거리 & 랜드마크 유서 깊은 산책로 공원,4.64
466,스카이타워,랜드마크,전망대 & 타워,5.0
467,문암해변,자연 / 공원,해변,5.0
468,강화산성,랜드마크,역사적인 장소,4.64
469,순천기적의 도서관,여행자 자료,도서관,5.0
470,도림사,랜드마크,신성한 & 종교적인 장소,4.5
471,휴애리 자연 생활 공원,자연 / 공원,공원,4.54
472,보물섬마늘나라전시관,박물관,전문 박물관,4.5
473,세종탁구장,즐길거리 / 게임,스포츠 컴플렉스,4.5
474,관양탁구장,즐길거리 / 게임,스포츠 컴플렉스,4.5
475,경주버드파크,자연 / 공원,자연 & 야생동물 서식지,4.87
476,칠포해수욕장,자연 / 공원,해변,4.19
477,가천박물관,박물관,역사박물관,4.25
478,용인문화유적전시관,박물관,역사박물관,4.54
479,자연염색박물관,박물관,아트뮤지엄,4.25
480,수주팔봉,랜드마크,즐길거리 & 랜드마크 유서 깊은 산책로 경관이 좋은 산책로,5.0
481,통영한산대첩축제,이벤트,문화 이벤트,4.35
482,발효소스토굴,박물관,즐길거리 & 랜드마크 어린이 박물관,4.67
483,신세계백화점 충청점,쇼핑,백화점,4.75
484,40계단 문화관,박물관,역사박물관,4.22
485,제비봉,자연 / 공원,산,4.75
486,서초관광정보센터,여행자 자료,관광센터,4.97
487,조계산 도립공원,자연 / 공원,산,5.0
488,삼성산,자연 / 공원,산 자연 & 야생동물 서식지 하이킹 트레일,4.75
489,부산올림픽공원,자연 / 공원,공원,4.0
490,심은미술관,박물관,아트뮤지엄,4.75
491,목면시배유지,랜드마크,역사적인 장소 즐길거리 & 랜드마크,4.36
492,고은사진미술관,박물관,아트뮤지엄,4.75
493,개항장 역사문화의 거리,기타,역사적인 장소 인근 지역 즐길거리 & 랜드마크,4.5
494,영월서부시장,음식 / 음료,벼룩시장 & 재래시장 농산물 직거래 장터,5.0
495,삼탄아트마인,박물관,전문 박물관,4.57
496,이순신 대교,랜드마크,브리지,5.0
497,팔영산자연휴양림,자연 / 공원,산,4.67
498,충렬사,랜드마크,역사적인 장소 신성한 & 종교적인 장소,4.29
499,광덕사,랜드마크,신성한 & 종교적인 장소,4.58
500,파라다이스 카지노 워커힐,카지노 / 도박장,카지노,4.29
501,마리오 아울렛,쇼핑,팩토리 아울렛,4.41
502,흰 여울길,랜드마크,즐길거리 & 랜드마크 경관이 좋은 산책로,4.62
503,아세안문화원,박물관,전문 박물관,4.75
504,고기리유원지,자연 / 공원,계곡,4.21
505,외포항 젓갈수산시장,쇼핑,벼룩시장 & 재래시장,4.5
506,울산대교 전망대,랜드마크,전망대 & 타워,4.68
507,대림 미술관,박물관,아트뮤지엄,4.69
508,영담한지미술관,박물관,전문 박물관,5.0
509,평화의 소녀상,랜드마크,기념비 및 동상,4.67
510,아쿠아월드,워터파크 & 놀이공원,워터파크,4.33
511,마한교육문화회관,랜드마크,즐길거리 & 랜드마크,4.67
512,낙산 공공 미술,랜드마크,즐길거리 & 랜드마크,4.57
513,추사고택,랜드마크,역사적인 장소 건축물,4.88
514,서울풍물시장,쇼핑,벼룩시장 & 재래시장,4.21
515,세계 조가비 박물관,박물관,전문 박물관,4.77
516,남선공원종합체육관,즐길거리 / 게임,스포츠 컴플렉스,4.5
517,남원만복사지,랜드마크,신성한 & 종교적인 장소,4.5
518,순포습지,자연 / 공원,자연 & 야생동물 서식지,4.0
519,이천 세계 도자 센터,박물관,전문 박물관,4.75
520,신세계 백화점 센텀시티,쇼핑,백화점,4.48
521,미륵산,자연 / 공원,산 하이킹 트레일,4.66
522,성남 아트센터,랜드마크,즐길거리 & 랜드마크,4.62
523,관촉사,랜드마크,신성한 & 종교적인 장소,4.83
524,BIFF 광장,랜드마크,즐길거리 & 랜드마크,4.48
525,대관령 양떼목장,랜드마크,목장,4.57
526,대포해안주상절리대,자연 / 공원,지층 경관이 좋은 산책로,4.69
527,추암해수욕장,자연 / 공원,해변,4.78
528,오목대 이목대,랜드마크,역사적인 장소,4.52
529,대관령 삼양목장,랜드마크,목장,4.64
530,도라전망대,랜드마크,전망대 & 타워,4.55
531,제부도,자연 / 공원,섬,4.51
532,천주교 계산 주교좌 성당,랜드마크,신성한 & 종교적인 장소,4.61
533,성남중앙공원,자연 / 공원,공원,4.73
534,경화역 벚꽃길,랜드마크,즐길거리 & 랜드마크,4.75
535,담양 대나무축제,이벤트,문화 이벤트,4.71
536,수성못,자연 / 공원,물길,4.48
537,현대프리미엄아울렛 김포점,쇼핑,팩토리 아울렛,4.54
538,오션 700,워터파크 & 놀이공원,워터파크,4.49
539,갯골생태공원,자연 / 공원,공원,5.0
540,부산 지하철,교통편,대중교통 시스템,4.6
541,이화여자대학교,랜드마크,즐길거리 & 랜드마크 대학 & 학교,4.67
542,장태산자연휴양림,자연 / 공원,산림,4.85
543,차이나타운,랜드마크,즐길거리 & 랜드마크,4.33
544,삼성이노베이션뮤지엄,박물관,전문 박물관 과학박물관 교육적인 장소,4.76
545,안산M밸리록페스티벌,이벤트,음악 축제,4.6
546,남한산성 도립공원,자연 / 공원,역사적인 장소 공원,4.62
547,부산타워,랜드마크,전망대 & 타워,4.54
548,남부시장,쇼핑,벼룩시장 & 재래시장,4.47
549,송도 스카이워크,랜드마크,즐길거리 & 랜드마크 경관이 좋은 산책로,4.59
550,전등사,랜드마크,신성한 & 종교적인 장소,4.6
551,동대문 디자인 플라자,랜드마크,즐길거리 & 랜드마크 건축물,4.62
552,국제시장,쇼핑,벼룩시장 & 재래시장,4.42
553,신장 쇼핑몰,쇼핑,쇼핑몰,4.48
554,별마당 도서관,여행자 자료,도서관,4.69
555,덕유산 국립공원,자연 / 공원,국립공원,4.61
556,세화 해수욕장,자연 / 공원,해변,4.72
557,이호테우해변,자연 / 공원,해변,4.47
558,광장시장,쇼핑,즐길거리 & 랜드마크 벼룩시장 & 재래시장,4.58
559,용인대장금파크,워터파크 & 놀이공원,테마 파크,4.63
560,금능해수욕장,자연 / 공원,해변,4.72
561,러브뮤지엄,박물관,전문 박물관,4.78
562,삼광사,랜드마크,즐길거리 & 랜드마크,4.7
563,국립경주박물관,박물관,전문 박물관,4.73
564,천리포수목원,자연 / 공원,가든,4.82
565,가평레일파크,투어,,4.64
566,사려니숲길,자연 / 공원,하이킹 트레일,4.75
567,무창포 해수욕장,자연 / 공원,해변,4.75
568,아인스월드,워터파크 & 놀이공원,테마 파크,4.46
569,거제포로수용소유적공원,박물관,군사 박물관 즐길거리 & 랜드마크,4.43
570,서울숲,즐길거리 / 게임,공원 놀이터,4.73
571,삼막사계곡,자연 / 공원,계곡,4.65
572,경포대,랜드마크,역사적인 장소,4.69
573,신륵사,랜드마크,신성한 & 종교적인 장소,4.58
574,나리공원,자연 / 공원,공원,4.38
575,보령머드축제,이벤트,문화 이벤트,4.6
576,인천 상륙 작전 기념관,박물관,기념비 및 동상 역사박물관,4.5
577,담양 죽녹원,자연 / 공원,공원 산림,4.64
578,강화평화전망대,랜드마크,전망대 & 타워,4.63
579,진주성,랜드마크,역사적인 장소 성,4.68
580,정동심곡 바다부채길,자연 / 공원,하이킹 트레일 경관이 좋은 산책로,4.95
581,의정부 부대찌개 거리,기타,인근 지역,4.69
582,산청 한방약초축제,이벤트,문화 이벤트,4.67
583,제주 중앙지하상가,쇼핑,쇼핑몰,4.22
584,월미 공원,자연 / 공원,공원,4.61
585,지리산 국립 공원,자연 / 공원,국립공원,4.9
586,시흥 프리미엄 아울렛,쇼핑,팩토리 아울렛,4.5
587,천지연 폭포,자연 / 공원,폭포,4.55
588,월미도,자연 / 공원,섬,4.52
589,대부바다향기테마파크,자연 / 공원,즐길거리 & 랜드마크 공원,4.83
590,오륙도 스카이워크,랜드마크,전망대 & 타워,4.51
591,대관령 하늘목장,랜드마크,즐길거리 & 랜드마크,4.61
592,자만벽화마을,기타,인근 지역 즐길거리 & 랜드마크,4.34
593,여의도 한강공원,자연 / 공원,공원,4.74
594,한라 수목원,자연 / 공원,공원,4.6
595,월영교,랜드마크,브리지,4.65
596,정선레일바이크,투어,,4.74
597,각원사,랜드마크,신성한 & 종교적인 장소,4.75
598,촛대 바위,자연 / 공원,지층,4.74
599,삼성미술관 리움,박물관,아트뮤지엄,4.69
600,춘천 명동거리,기타,인근 지역,4.44
601,허브 아일랜드,자연 / 공원,가든,4.51
602,광복로 문화 패션 거리,기타,인근 지역,4.54
603,호미곶 해맞이 광장,랜드마크,즐길거리 & 랜드마크,4.49
604,김녕 성세기 해변,자연 / 공원,해변,4.81
605,충주 세계 무술공원,자연 / 공원,공원,4.72
606,고성 통일 전망대,박물관,관측소 & 천체투영관,4.52
607,테디베어 박물관 제주,박물관,전문 박물관,4.44
608,맹종죽테마공원,자연 / 공원,공원 산림,4.49
609,상원사,랜드마크,신성한 & 종교적인 장소,4.81
610,공산성,랜드마크,역사적인 장소,4.62
611,대천 해수욕장,자연 / 공원,해변,4.52
612,별빛정원 우주,랜드마크,즐길거리 & 랜드마크,4.62
613,SEA LIFE 부산 아쿠아리움,동물원 & 수족관,수족관,4.44
614,전주향교,랜드마크,역사적인 장소,4.52
615,서울스카이,랜드마크,전망대 & 타워,4.67
616,통도사,랜드마크,신성한 & 종교적인 장소,4.77
617,롯데백화점부산본점,쇼핑,백화점,4.52
618,용주사,랜드마크,신성한 & 종교적인 장소,4.65
619,우도등대공원,자연 / 공원,전망대 공원,4.71
620,용두산 공원,자연 / 공원,즐길거리 & 랜드마크 공원,4.46
621,국립 과천 과학관,박물관,과학박물관 관측소 & 천체투영관,4.77
622,용머리 해안,자연 / 공원,해변,4.76
623,현대프리미엄아울렛 송도점,쇼핑,팩토리 아울렛,4.53
624,소양호,자연 / 공원,페리 댐,4.55
625,플레이케이팝,박물관,전문 박물관 테마 파크,4.73
626,대전시립미술관,박물관,아트뮤지엄,4.67
627,통복시장,쇼핑,벼룩시장 & 재래시장,4.5
628,김포 장릉,랜드마크,역사적인 장소,4.73
629,제3 땅굴,랜드마크,역사적인 장소,4.54
630,물향기수목원,자연 / 공원,자연 & 야생동물 서식지,4.73
631,양주시립장욱진미술관,박물관,아트뮤지엄,4.83
632,오이도 빨강등대,랜드마크,등대,4.5
633,전주 월드컵 경기장,랜드마크,아레나 & 경기장,4.53
634,화담숲,박물관,전문 박물관 가든,4.79
635,풍남문,랜드마크,역사적인 장소,4.38
636,스타필드 하남,쇼핑,쇼핑몰,4.67
637,평화의 소녀상,랜드마크,기념비 및 동상,5.0
638,디아크,랜드마크,즐길거리 & 랜드마크,4.49
639,캠프 보니파스,랜드마크,군사 기지 및 시설,4.78
640,오두산통일전망대,랜드마크,전망대 & 타워,4.58
641,덕수궁,랜드마크,역사적인 장소 즐길거리 & 랜드마크 건축물,4.61
642,부산불꽃축제,이벤트,특정 시즌 폭죽놀이,4.78
643,우리꽃 식물원,자연 / 공원,가든,4.76
644,여의도 공원,자연 / 공원,공원,4.68
645,전주동물원,동물원 & 수족관,동물원,4.4
646,세미원,자연 / 공원,가든 경관이 좋은 산책로,4.69
647,봉포해변,자연 / 공원,해변,4.75
648,인천공항 자기부상열차,교통편,대중교통 시스템,4.59
649,하슬라 아트 월드,박물관,전문 박물관,4.63
650,제이드가든 수목원,자연 / 공원,공원 가든,4.69
651,부천중앙공원,자연 / 공원,공원,4.74
652,해인사,랜드마크,역사적인 장소 신성한 & 종교적인 장소,4.74
653,제주 민속자연사 박물관,박물관,역사박물관,4.48
654,산사원,박물관,전문 박물관,4.82
655,화성행궁,랜드마크,역사적인 장소,4.56
656,부전시장,쇼핑,벼룩시장 & 재래시장,4.55
657,곽지해수욕장,자연 / 공원,해변,4.68
658,청평사,랜드마크,신성한 & 종교적인 장소,4.65
659,보성 녹차밭 대한 다원,자연 / 공원,산림 농장,4.69
660,한려 해상 국립공원,자연 / 공원,국립공원,4.75
661,석불사,랜드마크,즐길거리 & 랜드마크,4.74
662,보문사,랜드마크,신성한 & 종교적인 장소,4.67
663,태백산 국립공원,자연 / 공원,국립공원,4.77
664,동구릉,랜드마크,역사적인 장소,4.65
665,코리아인터내셔널스키스쿨,강좌 & 워크숍,스포츠 캠프 & 클리닉,4.95
666,동탄 센트럴 파크,자연 / 공원,공원,4.93
667,꽃지해수욕장,자연 / 공원,해변,4.45
668,태안해안 국립공원,자연 / 공원,국립공원,4.79
669,울산 대공원,자연 / 공원,공원,4.73
670,제주시 민속 오일시장,쇼핑,벼룩시장 & 재래시장,4.6
671,융릉과 건릉,랜드마크,역사적인 장소,4.61
672,부소산성,랜드마크,역사적인 장소,4.68
673,주문진항,랜드마크,부두 & 보드워크,4.52
674,파주 프리미엄 아울렛,쇼핑,팩토리 아울렛,4.46
675,원주 소금산 출렁다리,랜드마크,브리지,4.66
676,고수 동굴,자연 / 공원,동굴,4.59
677,대구 미술관,박물관,아트뮤지엄,4.72
678,학인당,랜드마크,즐길거리 & 랜드마크,4.72
679,올림픽 공원,즐길거리 / 게임,스포츠 컴플렉스 공원,4.68
680,소양강스카이워크,랜드마크,브리지 전망대 경관이 좋은 산책로,4.46
681,대구예술발전소,박물관,아트뮤지엄,4.69
682,안면도 자연휴양림,자연 / 공원,산림,4.75
683,속초중앙시장,쇼핑,벼룩시장 & 재래시장,4.59
684,비발디파크 오션월드,워터파크 & 놀이공원,테마 파크,4.54
685,거제 옥포대첩기념공원,자연 / 공원,공원,4.4
686,월악산국립공원,자연 / 공원,국립공원,4.71
687,동피랑마을,랜드마크,즐길거리 & 랜드마크,4.54
688,한려수도 조망 케이블카,교통편,전차,4.72
689,이천 도자기축제,이벤트,문화 이벤트,4.62
690,방주교회,랜드마크,건축물 신성한 & 종교적인 장소,4.53
691,강화씨사이드리조트,즐길거리 / 게임,놀이기구 / 액티비티,4.7
692,이순신 광장,자연 / 공원,공원,4.44
693,서해 수호관,박물관,전문 박물관,4.83
694,완산공원,자연 / 공원,공원,4.65
695,용눈이오름,자연 / 공원,화산,4.87
696,명동 성당,랜드마크,신성한 & 종교적인 장소 교회 & 성당,4.64
697,익산미륵사지,랜드마크,신성한 & 종교적인 장소,4.46
698,수도사,랜드마크,역사적인 장소 신성한 & 종교적인 장소,4.5
699,안성 남사당공연장,콘서트 & 쇼,극장,4.5
700,죽도봉공원,콘서트 & 쇼,공원,4.625
701,명성황후 생가,콘서트 & 쇼,"역사적인 장소, 건축물",4.5
702,평강식물원,콘서트 & 쇼,공원,4.5
703,영산포 홍어거리,콘서트 & 쇼,"인근 지역, 즐길거리 & 랜드마크",4.5
704,수태골,콘서트 & 쇼,계곡,4.583333333333333
705,부천 원미공원,콘서트 & 쇼,공원,4.666666666666667
706,평화의 소녀상,콘서트 & 쇼,기념비 및 동상,4.75
707,플레이아쿠아리움 부천,콘서트 & 쇼,"동물원, 수족관",3.5
708,대구 경찰역사체험관,콘서트 & 쇼,"전문 박물관, 역사박물관",4.333333333333333
709,탑정호,콘서트 & 쇼,"물길, 경관이 좋은 산책로",4.5
710,순천 웃장,콘서트 & 쇼,농산물 직거래 장터,4.666666666666667
711,덕풍 계곡 마을,콘서트 & 쇼,계곡,4.714285714285714
712,9.81 파크,콘서트 & 쇼,테마 파크,4.666666666666667
713,무창포타워,콘서트 & 쇼,"즐길거리 & 랜드마크, 전망대 & 타워",4.75
714,모래 시계 공원,콘서트 & 쇼,공원,4.310344827586207
715,간월,콘서트 & 쇼,신성한 & 종교적인 장소,4.611111111111111
716,도담삼봉,콘서트 & 쇼,산,4.337837837837838
717,세계자동차제주박물관,콘서트 & 쇼,전문 박물관,4.6506849315068495
718,초량 전통시장,콘서트 & 쇼,벼룩시장 & 재래시장,4.3076923076923075
719,텍사스 거리,콘서트 & 쇼,"인근 지역, 즐길거리 & 랜드마크, 경관이 좋은 산책로",3.8846153846153846
720,고척스카이돔,콘서트 & 쇼,아레나 & 경기장,4.557971014492754
721,부산커피박물관,콘서트 & 쇼,전문 박물관,4.785714285714286
722,대구약령시한방문화축제,콘서트 & 쇼,문화 이벤트,4.461538461538462
723,영월 장릉,콘서트 & 쇼,역사적인 장소,4.733333333333333
724,여수 해양 레일바이크,콘서트 & 쇼,바이크 트레일,4.483870967741935
725,정물오름,콘서트 & 쇼,"하이킹 트레일, 산림, 화산",5.0
726,감악산,콘서트 & 쇼,산,4.5
727,월류봉,자연 / 공원,산,5.0
728,금산사,자연 / 공원,신성한 & 종교적인 장소,4.75
729,고령 대가야유적지,자연 / 공원,고대 유적,4.7272727272727275
730,서울식물원,자연 / 공원,가든,4.685185185185185
731,용천사 (함평),자연 / 공원,"역사적인 장소, 신성한 & 종교적인 장소, 경관이 좋은 산책로",4.5
732,남해보물섬전망대 & 스카이워크,자연 / 공원,전망대 & 타워,5.0
733,의야지바람정보화마을,자연 / 공원,"관광센터, 즐길거리 & 랜드마크",4.5
734,경북대학교 자연사박물관,자연 / 공원,자연사 박물관,5.0
735,한독의약박물관,자연 / 공원,전문 박물관,5.0
736,제주요 도자기 문화 박물관,자연 / 공원,전문 박물관,4.75
737,가평사계절썰매장,자연 / 공원,크로스컨트리 스키장,5.0
738,무심갤러리,자연 / 공원,아트갤러리,4.833333333333333
739,파라다이스카지노 인천국제공항점,자연 / 공원,카지노,3.875
740,탑사,자연 / 공원,신성한 & 종교적인 장소,4.84
741,제주도립 김창열 미술관,자연 / 공원,아트뮤지엄,4.75
742,서상돈고택,자연 / 공원,"전문 박물관, 역사적인 장소",4.611111111111111
743,정선아리랑시장,자연 / 공원,벼룩시장 & 재래시장,4.629032258064516
744,구리 타워,자연 / 공원,전망대 & 타워,4.34375
745,김해 가야테마파크,자연 / 공원,테마 파크,4.416666666666667
746,Gift_accessory #,자연 / 공원,앤티크샵,5.0
747,두륜산 도립공원,자연 / 공원,공원,4.615384615384615
748,평화의 소녀상,자연 / 공원,기념비 및 동상,5.0
749,남양주 홍릉과 유릉,자연 / 공원,역사적인 장소,4.529411764705882
750,대구근대역사관,자연 / 공원,역사박물관,4.461538461538462
751,강암 서예관,자연 / 공원,즐길거리 & 랜드마크,5.0
752,평화의 소녀상,자연 / 공원,기념비 및 동상,4.875
753,청계산,자연 / 공원,산,4.526315789473684
754,원마운트 워터 파크,워터파크 & 놀이공원,워터파크,4.358585858585859
755,관음사탐방로,워터파크 & 놀이공원,"즐길거리 & 랜드마크, 경관이 좋은 산책로",5.0
756,평화의 소녀상,워터파크 & 놀이공원,기념비 및 동상,5.0
757,호텔인터불고대구카지노,워터파크 & 놀이공원,카지노,4.214285714285714
758,한국이민사박물관,워터파크 & 놀이공원,전문 박물관,4.4
759,인천어린이박물관,워터파크 & 놀이공원,어린이 박물관,4.611111111111111
760,설성공원,워터파크 & 놀이공원,공원,4.5
761,망원시장,워터파크 & 놀이공원,벼룩시장 & 재래시장,4.569444444444445
762,평화의 소녀상,워터파크 & 놀이공원,기념비 및 동상,4.7
763,협재굴 - 한림공원,워터파크 & 놀이공원,동굴,4.75
764,관문시장,워터파크 & 놀이공원,벼룩시장 & 재래시장,4.5
765,어승생악,워터파크 & 놀이공원,하이킹 트레일,4.5
766,용인농촌테마파크,워터파크 & 놀이공원,테마 파크,4.611111111111111
767,부산역 관광안내센터,워터파크 & 놀이공원,관광센터,4.362745098039215
768,군산근대역사박물관,워터파크 & 놀이공원,역사박물관,4.5
769,반석역 카페거리,워터파크 & 놀이공원,인근 지역,4.642857142857143
770,영남대학교 러브로드,워터파크 & 놀이공원,"즐길거리 & 랜드마크, 경관이 좋은 산책로",4.681818181818182
771,Mari Sorigol Instruments Museum,워터파크 & 놀이공원,전문 박물관,5.0
772,골굴사,워터파크 & 놀이공원,신성한 & 종교적인 장소,4.619318181818182
773,용연구름다리,워터파크 & 놀이공원,"즐길거리 & 랜드마크, 브리지",4.75
774,왕따나무,워터파크 & 놀이공원,"즐길거리 & 랜드마크, 경관이 좋은 산책로",5.0
775,장자호수공원,워터파크 & 놀이공원,"물길, 공원",4.666666666666667
776,삼척장미공원,워터파크 & 놀이공원,"공원, 가든",5.0
777,개심사,워터파크 & 놀이공원,신성한 & 종교적인 장소,4.625
778,천아계곡,워터파크 & 놀이공원,계곡,5.0
779,첨성대,워터파크 & 놀이공원,역사적인 장소,4.446054750402577
780,호반아트리움,워터파크 & 놀이공원,아트뮤지엄,4.5
781,민오름 - 오라동,워터파크 & 놀이공원,"산, 경관이 좋은 산책로, 화산",5.0
782,갤러리그안,박물관,아트갤러리,4.875
783,대구공항관광안내소,박물관,관광센터,4.384615384615385
784,남원시립김병종미술관,박물관,아트뮤지엄,5.0
785,롯데몰 동부산점,박물관,쇼핑몰,4.416666666666667
786,선운정사,박물관,신성한 & 종교적인 장소,4.3
787,우석헌자연사박물관,박물관,자연사 박물관,4.8
788,제주항일기념관,박물관,역사박물관,4.125
789,대한민국 역사 박물관,박물관,역사박물관,4.575
790,경상남도 수목원,박물관,"공원, 산림",4.815789473684211
791,낙동강 하구 에코 센터,박물관,즐길거리 & 랜드마크,4.75
792,전주교대박물관,박물관,역사박물관,4.166666666666667
793,행주산성,박물관,"역사적인 장소, 성",4.5625
794,수원 화성 문화제,박물관,문화 이벤트,4.733333333333333
795,묵호 등대 해양 문화 공간,박물관,"등대, 공원",4.571428571428571
796,좌구산휴양림,박물관,"즐길거리 & 랜드마크, 자연 & 야생동물 서식지, 공원",4.75
797,제주 여미지 식물원,박물관,"공원, 가든",4.538251366120218
798,성불사,박물관,"역사적인 장소, 신성한 & 종교적인 장소",4.617647058823529
799,수락산유원지,박물관,공원,4.75
800,구리전통시장,박물관,벼룩시장 & 재래시장,4.75
801,봉산문화거리,박물관,인근 지역,4.368421052631579
802,마장호수,박물관,물길,4.666666666666667
803,과천문화예술센터,박물관,물길,4.666666666666667
804,고속터미널상가,박물관,쇼핑몰,4.558441558441558
805,한국영상박물관,박물관,전문 박물관,4.5
806,안양예술공원,박물관,공원,4.75
807,경희대학교 서울캠퍼스,박물관,대학 & 학교,4.677165354330708
808,덕포진,박물관,역사적인 장소,4.4
809,삼포해수욕장,자연 / 공원,해변,5.0
810,만성리검은모래해변,자연 / 공원,해변,4.26
811,남양주 사릉,자연 / 공원,역사적인 장소,4.388888888888889
812,녹산로유채꽃길,자연 / 공원,"절경 드라이브 코스, 경관이 좋은 산책로",4.25
813,대전 컨벤션센터,자연 / 공원,컨퍼런스 & 컨벤션 센터,4.365384615384615
814,용마랜드,자연 / 공원,테마 파크,4.7368421052631575
815,신풍 한지마을,자연 / 공원,전문 박물관,5.0
816,고성 공룡박물관,자연 / 공원,전문 박물관,4.461538461538462
817,익산 왕궁리 오층석탑,자연 / 공원,"역사적인 장소, 즐길거리 & 랜드마크",5.0
818,전곡선사박물관,자연 / 공원,전문 박물관,4.4
819,덕포진 교육 박물관,자연 / 공원,역사박물관,4.666666666666667
820,레디움 아트 센터,자연 / 공원,"아트갤러리, 아트뮤지엄",4.428571428571429
821,렛츠런파크부산경남,자연 / 공원,경마장,4.638888888888889
822,한벽당,자연 / 공원,역사적인 장소,4.4
823,강원도립대학교,자연 / 공원,대학 & 학교,4.666666666666667
824,영남제일관,자연 / 공원,"역사적인 장소, 즐길거리 & 랜드마크",4.416666666666667
825,고운사,자연 / 공원,신성한 & 종교적인 장소,4.7
826,2.28기념중앙공원,자연 / 공원,공원,4.0576923076923075
827,국립해양유물전시관,자연 / 공원,자연사 박물관,4.857142857142857
828,거제어촌민속전시관,자연 / 공원,자연사 박물관,4.083333333333333
829,IFC 몰,자연 / 공원,쇼핑몰,4.491847826086956
830,사상근린공원,자연 / 공원,"공원, 놀이터",4.9
831,감자꽃스튜디오,자연 / 공원,전문 박물관,5.0
832,부천향토역사관,자연 / 공원,역사박물관,4.625
833,대전근현대사전시관,자연 / 공원,역사박물관,4.5
834,1913송정역시장,자연 / 공원,"즐길거리 & 랜드마크, 유서 깊은 산책로",4.411290322580645
835,부산영화체험박물관,자연 / 공원,"전문 박물관, 아트뮤지엄",4.666666666666667
836,에스알티,자연 / 공원,대중교통 시스템,4.619047619047619
837,실상사,랜드마크,신성한 & 종교적인 장소,4.75
838,국립일제강제동원역사관,랜드마크,역사박물관,4.666666666666667
839,갤러리아백화점 타임월드점,랜드마크,쇼핑몰,4.416666666666667
840,충무공 이순신 동상,랜드마크,기념비 및 동상,4.516363636363637
841,새마을역사관,랜드마크,전문 박물관,4.0
842,용인자연휴양림,랜드마크,산림,4.517857142857143
843,평화의소녀상,랜드마크,"즐길거리 & 랜드마크, 기념비 및 동상",5.0
844,소금박물관,랜드마크,전문 박물관,4.15
845,카페 글렌코,랜드마크,가든,4.5
846,책과인쇄박물관,랜드마크,전문 박물관,4.5
847,수원종합운동장,랜드마크,"스포츠 컴플렉스, 아레나 & 경기장",4.730769230769231
848,광치기 해변,랜드마크,해변,4.661971830985915
849,덕진진,랜드마크,"역사적인 장소, 전쟁터 유적지",4.428571428571429
850,궷물오름,랜드마크,"산, 산림",5.0
851,두타연,랜드마크,폭포,4.875
852,파크 써던랜드,랜드마크,테마 파크,4.25
853,파주장릉,랜드마크,역사적인 장소,4.75
854,무상사,랜드마크,신성한 & 종교적인 장소,4.875
855,한국 이슬람 부산성원,랜드마크,신성한 & 종교적인 장소,4.642857142857143
856,고운식물원,랜드마크,가든,4.625
857,아랑조을거리,랜드마크,"인근 지역, 즐길거리 & 랜드마크",4.5
858,부평역사쇼핑몰,랜드마크,쇼핑몰,4.3076923076923075
859,가곡자연휴양림,랜드마크,"산림, 폭포",4.5
860,거제민속박물관,랜드마크,역사박물관,3.8333333333333335
861,일산해수욕장,랜드마크,해변,4.556818181818182
862,평화의소녀상,랜드마크,기념비 및 동상,4.833333333333333
863,이효석 생가터,랜드마크,"역사적인 장소, 즐길거리 & 랜드마크",4.5
864,한국 가구 박물관,랜드마크,전문 박물관,4.805555555555555
865,빛의 벙커,박물관,"아트갤러리, 아트뮤지엄",4.666666666666667
866,영남대학교박물관,박물관,"아트뮤지엄, 역사박물관",4.833333333333333
867,제주 선흘리 벵뒤굴,박물관,동굴,4.5
868,롯데월드 민속박물관,박물관,역사박물관,4.711864406779661
869,춘천미술관,박물관,전문 박물관,4.5
870,행궁동 공예마을,박물관,즐길거리 & 랜드마크,4.48
871,보문호,박물관,물길,4.554973821989528
872,가파도,박물관,섬,4.824324324324325
873,Gangwon Jonghap Museum,박물관,전문 박물관,4.666666666666667
874,롯데아울렛 서울역점,박물관,쇼핑몰,4.282945736434108
875,대구미술광장,박물관,아트갤러리,4.666666666666667
876,Okpo Table Tennis Court,박물관,스포츠 컴플렉스,4.0
877,가락시장,박물관,벼룩시장 & 재래시장,4.571428571428571
878,코버월드 화폐박물관,박물관,전문 박물관,4.75
879,평창무이예술관,박물관,전문 박물관,3.8333333333333335
880,신안젓갈타운,박물관,벼룩시장 & 재래시장,4.5
881,서울 대학로,박물관,"인근 지역, 즐길거리 & 랜드마크",4.59765625
882,김제 지평선축제,박물관,문화 이벤트,4.8125
883,Baengnokdam Lake,박물관,물길,5.0
884,평화의소녀상,박물관,"즐길거리 & 랜드마크, 기념비 및 동상",5.0
885,마제스타 카지노,박물관,카지노,4.5
886,남망산조각공원,박물관,공원,4.364583333333333
887,장림포구,박물관,"즐길거리 & 랜드마크, 부두 & 보드워크, 경관이 좋은 산책로",4.625
888,구봉산 전망대 카페거리,박물관,"즐길거리 & 랜드마크, 전망대, 절경 드라이브 코스",4.333333333333333
889,선유도 해수욕장,박물관,해변,4.5
890,한택식물원,박물관,가든,4.538461538461538
891,대현프리몰대구,박물관,쇼핑몰,4.4
892,함평 엑스포 공원 - 자연생태관,박물관,"즐길거리 & 랜드마크, 공원, 가든",4.5
893,비룡폭포,자연 / 공원,"하이킹 트레일, 폭포",4.589743589743589
894,춘장대해수욕장,자연 / 공원,해변,4.4
895,동명항,자연 / 공원,즐길거리 & 랜드마크,4.4411764705882355
896,아홉산숲,자연 / 공원,산림,4.9
897,이은진탁구교실,자연 / 공원,스포츠 컴플렉스,5.0
898,진도개테마파크,자연 / 공원,테마 파크,4.5
899,왕산해수욕장,자연 / 공원,해변,4.25
900,하남역사박물관,자연 / 공원,역사박물관,4.5
901,나비생태공원,자연 / 공원,공원,4.15
902,와룡시장,자연 / 공원,벼룩시장 & 재래시장,4.5
903,지리산 대원사,자연 / 공원,신성한 & 종교적인 장소,4.625
904,적상산성,자연 / 공원,역사적인 장소,4.6
905,평화의소녀상,자연 / 공원,기념비 및 동상,5.0
906,대구문화예술회관 향토역사관,자연 / 공원,역사박물관,4.4375
907,청도 프로방스,자연 / 공원,테마 파크,5.0
908,강화화문석문화관,자연 / 공원,전문 박물관,4.666666666666667
909,고남 패총박물관,자연 / 공원,"전문 박물관, 자연사 박물관",4.5
910,신세계 갤러리,자연 / 공원,아트갤러리,4.676470588235294
911,대전시민천문대,자연 / 공원,관측소 & 천체투영관,4.708333333333333
912,약령시관광안내소,자연 / 공원,관광센터,4.5
913,철의삼각 전적지,자연 / 공원,전쟁터 유적지,4.375
914,국립 한글 박물관,자연 / 공원,"전문 박물관, 역사박물관",4.482456140350878
915,망운사,자연 / 공원,신성한 & 종교적인 장소,5.0
916,이중섭 미술관,자연 / 공원,아트뮤지엄,4.448453608247423
917,광교산,자연 / 공원,산,4.697368421052632
918,삼성궁,자연 / 공원,아트뮤지엄,4.625
919,대구 옻골마을,자연 / 공원,"역사적인 장소, 인근 지역, 유서 깊은 산책로",4.166666666666667
920,칠곡호국평화기념관,자연 / 공원,"즐길거리 & 랜드마크, 기념비 및 동상",4.5
921,씨네팰리스,투어,전문 박물관,4.5
922,검봉산 자연휴양림,투어,산,5.0
923,국망봉 자연휴양림,투어,산림,4.5
924,워터파크 스파밸리,투어,테마 파크,4.833333333333333
925,낙동강하구아미산전망대,투어,전망대 & 타워,4.625
926,평화광장,투어,"부두 & 보드워크, 경관이 좋은 산책로, 분수대",4.285714285714286
927,무등산 증심사,투어,신성한 & 종교적인 장소,4.608695652173913
928,잠월미술관,투어,전문 박물관,4.5
929,의암호 스카이워크,투어,전망대 & 타워,4.5
930,월드컵 경기장,투어,아레나 & 경기장,4.3875
931,평화의 소녀상,투어,기념비 및 동상,5.0
932,능파대,투어,지층,4.5
933,안국사,투어,신성한 & 종교적인 장소,4.666666666666667
934,동성로,투어,즐길거리 & 랜드마크,5.0
935,평화의 소녀상,투어,기념비 및 동상,4.0
936,대청호자연생태관,투어,전문 박물관,4.605263157894737
937,쌍 폭포,투어,폭포,5.0
938,대각사,투어,"건축물, 신성한 & 종교적인 장소",4.2
939,경기도 박물관,투어,전문 박물관,4.5
940,함평 엑스포 공원 - 나비곤충생태관,투어,"전문 박물관, 즐길거리 & 랜드마크",5.0
941,United Nations Peace Memorial Hall,투어,"군사 박물관, 역사박물관",4.625
942,광희 패션몰,투어,쇼핑몰,4.53125
943,나주 목사내아,투어,"역사적인 장소, 즐길거리 & 랜드마크",4.0
944,한국관광공사 관광안내전시관,투어,관광센터,4.661538461538462
945,이기대 섭자리,투어,물길,4.75
946,군위 아미타여래삼존 석굴,투어,"역사적인 장소, 신성한 & 종교적인 장소",4.833333333333333
947,프라움 악기박물관,투어,전문 박물관,4.428571428571429
948,아바이마을 갯배,교통편,페리,4.544117647058823
949,보문산,교통편,산,4.75
950,남해유배문학관,교통편,전문 박물관,4.5
951,이순신영상관,교통편,역사박물관,4.375
952,제주 유리 박물관,교통편,전문 박물관,4.461956521739131
953,아브뉴프랑 - 광명점,교통편,쇼핑몰,4.0
954,홍익대학교,교통편,교육적인 장소,4.55625
955,반야사,교통편,"즐길거리 & 랜드마크, 신성한 & 종교적인 장소",4.75
956,장영실 과학관,교통편,과학박물관,4.5
957,들꽃수목원,교통편,"즐길거리 & 랜드마크, 가든",4.5
958,인천대교 기념관,교통편,"전문 박물관, 전망대 & 타워",4.394736842105263
959,신정호,교통편,"물길, 경관이 좋은 산책로",4.5
960,부산과학체험관,교통편,"과학박물관, 어린이 박물관",4.5
961,주문진 관광안내센터,교통편,관광센터,4.166666666666667
962,마니산,교통편,산,4.5
963,서울 시립 미술관,교통편,아트뮤지엄,4.493103448275862
964,충렬사,교통편,"역사적인 장소, 즐길거리 & 랜드마크, 신성한 & 종교적인 장소",4.571428571428571
965,꿈의 숲,교통편,산림,4.75
966,혼불문학관,교통편,전문 박물관,4.3
967,구포시장,교통편,"벼룩시장 & 재래시장, 쇼핑몰, 농산물 직거래 장터",4.7
968,고려산,교통편,산,4.75
969,한국 대나무 박물관,교통편,전문 박물관,4.607142857142857
970,진해 내수면 환경생태공원,교통편,공원,4.611111111111111
971,여진불교미술관,교통편,아트갤러리,4.416666666666667
972,커피박물관,교통편,전문 박물관,4.5
973,평화의 소녀상,교통편,기념비 및 동상,5.0
974,구천동 계곡,교통편,"국립공원, 자연 & 야생동물 서식지, 계곡",5.0
975,임진성,교통편,성,4.5
